DROP DATABASE biblioteca;
CREATE DATABASE IF NOT EXISTS Biblioteca;
USE Biblioteca;


CREATE TABLE IF NOT EXISTS usuarios (
  id INT PRIMARY KEY,
  nome VARCHAR(100) NOT NULL,
  email VARCHAR(100) NOT NULL UNIQUE,
  telefone VARCHAR(45) NOT NULL,
  data_cadastro DATE NOT NULL,
  endereco VARCHAR(255)
);

CREATE TABLE IF NOT EXISTS autores (
  id INT PRIMARY KEY,
  nome VARCHAR(100) NOT NULL,
  nacionalidade VARCHAR(50),
  data_nascimento DATE,
  biografia TEXT
);

CREATE TABLE IF NOT EXISTS livros (
  id INT PRIMARY KEY,
  titulo VARCHAR(255) NOT NULL,
  autor_id INT,
  ano_publicacao VARCHAR(4),
  genero VARCHAR(45),
  descricao TEXT,
  disponibilidade BOOLEAN DEFAULT TRUE,
  editora VARCHAR(100),
  usuarios_id INT,
  autores_id INT,
  FOREIGN KEY (autores_id) REFERENCES autores(id)
);

CREATE TABLE IF NOT EXISTS emprestimos (
  id INT PRIMARY KEY,
  status VARCHAR(30) NOT NULL,
  id_usuario INT NOT NULL,
  id_livro INT NOT NULL,
  data_emprestimo DATE NOT NULL,
  data_devolucao_prevista DATE,
  data_devolucao_real DATE,
  multa DECIMAL(5,2),
  usuarios_id INT,
  FOREIGN KEY (id_usuario) REFERENCES usuarios(id),
  FOREIGN KEY (id_livro) REFERENCES livros(id)
);

CREATE TABLE IF NOT EXISTS reservas (
  id VARCHAR(45) PRIMARY KEY,
  id_usuario INT NOT NULL,
  id_livro INT NOT NULL,
  data_reserva DATE NOT NULL,
  status_reserva ENUM('ativa', 'concluida', 'cancelada') NOT NULL,
  prioridade INT,
  emprestimos_id INT,
  FOREIGN KEY (id_usuario) REFERENCES usuarios(id),
  FOREIGN KEY (id_livro) REFERENCES livros(id)
);

INSERT INTO usuarios (id, nome, email, telefone, data_cadastro, endereco) VALUES
(1, 'Sophie Peixoto', 'daniela76@rocha.br', '0800 382 4219', '2022-02-17', 'Campo Melo, 28 Maria Helena 59387-784 Vieira'),
(2, 'Thiago Nunes', 'pmelo@campos.net', '0300 332 8711', '2022-09-21', 'Sítio Nathan Costa São Salvador 83989-471 Lop'),
(3, 'Diego da Mota', 'ferreirabruna@carvalho.com', '+55 (021) 0186-8483', '2021-10-30', 'Praia Catarina Moraes, 6 Vila Aeroporto 79533'),
(4, 'Larissa Cardoso', 'larissa.cardoso@example.com', '+55 (011) 9876-5432', '2023-01-15', 'Rua das Flores, 123 Centro 01234-567 São Paulo'),
(5, 'Rafael Oliveira', 'rafael.oliveira@example.com', '+55 (021) 1234-5678', '2022-05-20', 'Avenida Brasil, 456 Copacabana 22021-001 Rio de Janeiro'),
(6, 'Juliana Santos', 'juliana.santos@example.com', '+55 (031) 8765-4321', '2023-03-10', 'Rua da Paz, 789 Savassi 30140-001 Belo Horizonte'),
(7, 'Marcos Vinicius', 'marcos.vinicius@example.com', '+55 (041) 2345-6789', '2022-11-05', 'Alameda Santos, 101 Jardins 01418-001 São Paulo'),
(8, 'Ana Carolina', 'ana.carolina@example.com', '+55 (051) 3456-7890', '2023-02-28', 'Rua das Palmeiras, 202 Moinhos 90450-000 Porto Alegre'),
(9, 'Carlos Eduardo', 'carlos.eduardo@example.com', '+55 (081) 4567-8901', '2022-07-15', 'Avenida Boa Viagem, 303 Boa Viagem 51020-000 Recife'),
(10, 'Fernanda Lima', 'fernanda.lima@example.com', '+55 (071) 5678-9012', '2023-04-01', 'Rua Chile, 404 Centro 40015-010 Salvador'),
(11, 'Lucas Mendes', 'lucas.mendes@example.com', '+55 (085) 6789-0123', '2022-08-20', 'Avenida Santos Dumont, 505 Aldeota 60150-160 Fortaleza'),
(12, 'Patrícia Gomes', 'patricia.gomes@example.com', '+55 (091) 7890-1234', '2023-05-12', 'Travessa Quintino Bocaiúva, 606 Nazaré 66035-190 Belém'),
(13, 'Roberto Alves', 'roberto.alves@example.com', '+55 (061) 8901-2345', '2022-09-25', 'Quadra 707, Conjunto B Lago Sul 71680-207 Brasília'),
(14, 'Tatiane Costa', 'tatiane.costa@example.com', '+55 (048) 9012-3456', '2023-06-18', 'Rua Felipe Schmidt, 808 Centro 88010-001 Florianópolis'),
(15, 'Vinícius Ribeiro', 'vinicius.ribeiro@example.com', '+55 (027) 0123-4567', '2022-12-30', 'Avenida Vitória, 909 Praia do Canto 29055-191 Vitória'),
(16, 'Beatriz Souza', 'beatriz.souza@example.com', '+55 (062) 1234-5678', '2023-07-22', 'Rua 10, 1010 Setor Oeste 74120-020 Goiânia'),
(17, 'Gustavo Henrique', 'gustavo.henrique@example.com', '+55 (098) 2345-6789', '2022-10-15', 'Avenida Paulista, 1111 Bela Vista 01311-000 São Paulo'),
(18, 'Mariana Ferreira', 'mariana.ferreira@example.com', '+55 (079) 3456-7890', '2023-08-05', 'Rua João Pessoa, 1212 Centro 49010-210 Aracaju'),
(19, 'Rodrigo Martins', 'rodrigo.martins@example.com', '+55 (084) 4567-8901', '2022-11-20', 'Avenida Hermes da Fonseca, 1313 Tirol 59015-000 Natal'),
(20, 'Camila Rocha', 'camila.rocha@example.com', '+55 (092) 5678-9012', '2023-09-10', 'Rua Municipal, 1414 Adrianópolis 69057-030 Manaus'),
(21, 'Eduardo Silva', 'eduardo.silva@example.com', '+55 (067) 6789-0123', '2022-12-05', 'Avenida Afonso Pena, 1515 Centro 79002-070 Campo Grande'),
(22, 'Isabela Santos', 'isabela.santos@example.com', '+55 (095) 7890-1234', '2023-10-15', 'Rua Barão do Rio Branco, 1616 Centro 69301-150 Boa Vista'),
(23, 'Felipe Oliveira', 'felipe.oliveira@example.com', '+55 (068) 8901-2345', '2023-01-20', 'Rua Epitácio Pessoa, 1717 Miramar 58032-000 João Pessoa'),
(24, 'Laura Mendonça', 'laura.mendonca@example.com', '+55 (083) 9012-3456', '2023-11-25', 'Avenida Dom Manuel, 1818 Praia de Iracema 60165-100 Fortaleza'),
(25, 'Thiago Lima', 'thiago.lima@example.com', '+55 (096) 0123-4567', '2023-02-10', 'Rua São Paulo, 1919 Centro 69900-100 Rio Branco'),
(26, 'Amanda Costa', 'amanda.costa@example.com', '+55 (063) 1234-5678', '2023-12-05', 'Avenida Rio Branco, 2020 Centro 64001-350 Teresina'),
(27, 'Bruno Carvalho', 'bruno.carvalho@example.com', '+55 (075) 2345-6789', '2023-03-15', 'Rua da Aurora, 2121 Santo Amaro 50050-910 Recife'),
(28, 'Carolina Almeida', 'carolina.almeida@example.com', '+55 (073) 3456-7890', '2024-01-20', 'Avenida Beira Mar, 2222 Ponta Verde 57035-000 Maceió'),
(29, 'Daniel Pereira', 'daniel.pereira@example.com', '+55 (069) 4567-8901', '2023-04-25', 'Rua Acre, 2323 Centro 76801-070 Porto Velho'),
(30, 'Elaine Rodrigues', 'elaine.rodrigues@example.com', '+55 (065) 5678-9012', '2024-02-10', 'Avenida Getúlio Vargas, 2424 Centro 78005-100 Cuiabá'),
(31, 'Fabio Nunes', 'fabio.nunes@example.com', '+55 (071) 6789-0123', '2023-05-15', 'Rua da República, 2525 Centro 40060-000 Salvador'),
(32, 'Gabriela Souza', 'gabriela.souza@example.com', '+55 (081) 7890-1234', '2024-03-20', 'Avenida Conde da Boa Vista, 2626 Boa Vista 50060-003 Recife'),
(33, 'Henrique Barbosa', 'henrique.barbosa@example.com', '+55 (085) 8901-2345', '2023-06-25', 'Rua Senador Alencar, 2727 Centro 60055-000 Fortaleza'),
(34, 'Igor Santos', 'igor.santos@example.com', '+55 (091) 9012-3456', '2024-04-30', 'Travessa Padre Eutíquio, 2828 Batista Campos 66033-170 Belém'),
(35, 'Jessica Oliveira', 'jessica.oliveira@example.com', '+55 (061) 0123-4567', '2023-07-05', 'Quadra 303, 2929 Asa Sul 70330-300 Brasília'),
(36, 'Kaique Lima', 'kaique.lima@example.com', '+55 (048) 1234-5678', '2024-05-10', 'Rua Trajano, 3030 Centro 88010-010 Florianópolis'),
(37, 'Leticia Costa', 'leticia.costa@example.com', '+55 (027) 2345-6789', '2023-08-15', 'Avenida Nossa Senhora da Penha, 3131 Santa Lúcia 29056-247 Vitória'),
(38, 'Matheus Rocha', 'matheus.rocha@example.com', '+55 (062) 3456-7890', '2024-06-20', 'Rua 15, 3232 Setor Oeste 74120-020 Goiânia'),
(39, 'Nathalia Alves', 'nathalia.alves@example.com', '+55 (011) 4567-8901', '2023-09-25', 'Avenida Paulista, 3333 Bela Vista 01311-000 São Paulo'),
(40, 'Otávio Ferreira', 'otavio.ferreira@example.com', '+55 (021) 5678-9012', '2024-07-30', 'Rua do Ouvidor, 3434 Centro 20040-030 Rio de Janeiro');

INSERT INTO autores (id, nome, nacionalidade, data_nascimento, biografia) VALUES
(1, 'João Miguel Barbosa', 'Equador', '1974-07-24', 'Adipisci nemo iure odit.'),
(2, 'Davi Luiz Dias', 'Anguila', '1977-09-24', 'Quo ea culpa occaecati voluptas modi.'),
(3, 'Isabel Nogueira', 'Ucrânia', '1943-08-19', 'Natus repudiandae aspernatur sequi.'),
(4, 'Pedro Henrique Cardoso', 'Brasil', '1965-03-12', 'Escritor premiado com mais de 20 obras publicadas.'),
(5, 'Ana Luiza Santos', 'Portugal', '1980-11-05', 'Romancista conhecida por suas histórias emocionantes.'),
(6, 'Carlos Eduardo Oliveira', 'Argentina', '1972-09-18', 'Autor de best-sellers internacionais.'),
(7, 'Mariana Costa', 'Espanha', '1985-06-30', 'Especialista em literatura contemporânea.'),
(8, 'Rafael Lima', 'Chile', '1968-04-22', 'Poeta e escritor com obras traduzidas em 15 idiomas.'),
(9, 'Juliana Pereira', 'México', '1979-12-15', 'Autora de livros infantis premiados.'),
(10, 'Lucas Mendes', 'Colômbia', '1982-07-08', 'Escritor de ficção científica reconhecido mundialmente.'),
(11, 'Patrícia Gomes', 'Peru', '1976-02-14', 'Autora de romances históricos aclamados pela crítica.'),
(12, 'Roberto Alves', 'Venezuela', '1955-10-27', 'Jornalista e escritor com mais de 30 livros publicados.'),
(13, 'Tatiane Ribeiro', 'Uruguai', '1988-01-19', 'Escritora emergente com obras inovadoras.'),
(14, 'Vinícius Souza', 'Paraguai', '1971-05-03', 'Autor de livros técnicos e acadêmicos.'),
(15, 'Beatriz Carvalho', 'Bolívia', '1983-08-26', 'Escritora de contos e crônicas.'),
(16, 'Gustavo Henrique Silva', 'Estados Unidos', '1960-12-09', 'Autor de livros de autoajuda best-sellers.'),
(17, 'Mariana Ferreira', 'Canadá', '1974-04-17', 'Escritora de ficção fantástica premiada.'),
(18, 'Rodrigo Martins', 'Reino Unido', '1958-09-21', 'Autor clássico com obras estudadas em universidades.'),
(19, 'Camila Rocha', 'França', '1987-03-04', 'Escritora francesa de romances policiais.'),
(20, 'Eduardo Nunes', 'Alemanha', '1973-06-28', 'Autor alemão de livros de filosofia moderna.'),
(21, 'Isabela Santos', 'Itália', '1981-11-11', 'Escritora italiana de romances históricos.'),
(22, 'Felipe Oliveira', 'Holanda', '1967-02-24', 'Autor holandês de literatura experimental.'),
(23, 'Laura Mendonça', 'Bélgica', '1979-07-07', 'Escritora belga de livros infantojuvenis.'),
(24, 'Thiago Lima', 'Suíça', '1984-10-20', 'Autor suíço de livros de negócios.'),
(25, 'Amanda Costa', 'Áustria', '1976-01-13', 'Escritora austríaca de poesia contemporânea.'),
(26, 'Bruno Carvalho', 'Suécia', '1969-04-06', 'Autor sueco de thrillers psicológicos.'),
(27, 'Carolina Almeida', 'Noruega', '1982-08-29', 'Escritora norueguesa de ficção científica.'),
(28, 'Daniel Pereira', 'Dinamarca', '1975-12-22', 'Autor dinamarquês de livros de aventura.'),
(29, 'Elaine Rodrigues', 'Finlândia', '1980-05-15', 'Escritora finlandesa de romances dramáticos.'),
(30, 'Fabio Nunes', 'Rússia', '1963-09-08', 'Autor russo de literatura clássica.'),
(31, 'Gabriela Souza', 'China', '1978-02-01', 'Escritora chinesa de contos tradicionais.'),
(32, 'Henrique Barbosa', 'Japão', '1985-06-24', 'Autor japonês de mangás e light novels.'),
(33, 'Igor Santos', 'Coreia do Sul', '1972-11-17', 'Escritor coreano de ficção distópica.'),
(34, 'Jessica Oliveira', 'Índia', '1987-04-10', 'Autora indiana de romances culturais.'),
(35, 'Kaique Lima', 'Tailândia', '1974-07-03', 'Autor tailandês de livros de viagem.'),
(36, 'Leticia Costa', 'Vietnã', '1981-10-26', 'Escritora vietnamita de poesia moderna.'),
(37, 'Matheus Rocha', 'África do Sul', '1968-03-19', 'Autor sul-africano de literatura pós-colonial.'),
(38, 'Nathalia Alves', 'Egito', '1977-08-12', 'Escritora egípcia de romances históricos.'),
(39, 'Otávio Ferreira', 'Nigéria', '1984-01-05', 'Autor nigeriano de ficção africana contemporânea.'),
(40, 'Paula Cardoso', 'Austrália', '1971-05-28', 'Escritora australiana de livros de aventura.');

INSERT INTO livros (id, titulo, autor_id, ano_publicacao, genero, descricao, disponibilidade, editora, usuarios_id, autores_id) VALUES
(1, 'Amet totam tempora ex.', 1, '1980', 'fugiat', 'Voluptatum ratione at voluptatibus.', 0, 'Carvalho', 1, 1),
(2, 'Sit quae quo nemo unde.', 2, '2011', 'quia', 'Tempore optio voluptate delectus.', 0, 'das Neves', 2, 2),
(3, 'Tempora reprehenderit.', 3, '2020', 'repellat', 'In corporis molestiae.', 0, 'da Mota', 3, 3),
(4, 'O Segredo do Vale', 4, '1995', 'romance', 'Uma história de amor e superação.', 1, 'Editora Brasil', NULL, 4),
(5, 'A Noite Escura', 5, '2005', 'suspense', 'Um thriller psicológico que prende do início ao fim.', 1, 'Livros & Cia', NULL, 5),
(6, 'Viagem ao Centro', 6, '2010', 'aventura', 'Aventuras em terras desconhecidas.', 1, 'Aventura Editora', NULL, 6),
(7, 'O Último Suspiro', 7, '2015', 'drama', 'Drama familiar emocionante.', 1, 'Letras Brasileiras', NULL, 7),
(8, 'Estrelas Cadentes', 8, '2008', 'ficção científica', 'Uma jornada pelo espaço sideral.', 1, 'Galáxia Books', NULL, 8),
(9, 'O Jardim Secreto', 9, '2012', 'infantil', 'Clássico infantil sobre amizade e descobertas.', 1, 'Mundo Infantil', NULL, 9),
(10, 'Código Desconhecido', 10, '2018', 'tecnologia', 'Os segredos por trás da revolução digital.', 1, 'Tech Editora', NULL, 10),
(11, 'A Arte da Guerra Moderna', 11, '2003', 'negócios', 'Estratégias para o mundo corporativo atual.', 1, 'Executiva', NULL, 11),
(12, 'Histórias do Mar', 12, '1998', 'contos', 'Contos inspirados no oceano e seus mistérios.', 1, 'Marítima', NULL, 12),
(13, 'O Poder da Mente', 13, '2007', 'autoajuda', 'Técnicas para desenvolver seu potencial máximo.', 1, 'Crescimento', NULL, 13),
(14, 'Sabores do Mundo', 14, '2016', 'culinária', 'Receitas internacionais para todos os gostos.', 1, 'Gastronomia', NULL, 14),
(15, 'A Cidade Perdida', 15, '2009', 'aventura', 'Expedição a uma civilização antiga esquecida.', 1, 'Exploração', NULL, 15),
(16, 'O Enigma', 16, '2014', 'mistério', 'Um quebra-cabeças que desafia a lógica.', 1, 'Mistério Books', NULL, 16),
(17, 'Poemas do Coração', 17, '2001', 'poesia', 'Coleção de poemas sobre amor e vida.', 1, 'Poética', NULL, 17),
(18, 'O Universo em Números', 18, '2019', 'ciência', 'A matemática por trás dos fenômenos cósmicos.', 1, 'Ciência Hoje', NULL, 18),
(19, 'A Herança', 19, '2006', 'drama', 'Conflitos familiares em torno de um testamento.', 1, 'Dramática', NULL, 19),
(20, 'Viagem no Tempo', 20, '2013', 'ficção científica', 'As paradoxais aventuras de um viajante temporal.', 1, 'Futuro', NULL, 20),
(21, 'O Pequeno Herói', 21, '2017', 'infantil', 'As aventuras de um garoto corajoso.', 1, 'Infantil Nova', NULL, 21),
(22, 'Negócios Digitais', 22, '2020', 'negócios', 'Como empreender na era digital.', 1, 'Digital Books', NULL, 22),
(23, 'A Revolução', 23, '2004', 'história', 'O movimento que mudou um país.', 1, 'Histórica', NULL, 23),
(24, 'O Mistério do Farol', 24, '2011', 'suspense', 'Segredos ocultos em um farol isolado.', 1, 'Suspense Total', NULL, 24),
(25, 'Além do Horizonte', 25, '1997', 'aventura', 'Explorando os limites do mundo conhecido.', 1, 'Aventura Global', NULL, 25),
(26, 'A Última Testemunha', 26, '2002', 'mistério', 'Um crime que só uma pessoa pode resolver.', 1, 'Crime Editora', NULL, 26),
(27, 'Corações Entrelaçados', 27, '2008', 'romance', 'Amores que transcendem o tempo.', 1, 'Romântica', NULL, 27),
(28, 'O Código da Vida', 28, '2015', 'ciência', 'Os segredos do DNA revelados.', 1, 'Genética', NULL, 28),
(29, 'A Arte de Viver', 29, '2000', 'filosofia', 'Reflexões sobre a existência humana.', 1, 'Filosófica', NULL, 29),
(30, 'O Último Reino', 30, '2010', 'fantasia', 'Uma batalha épica pelo trono mágico.', 1, 'Fantasia', NULL, 30),
(31, 'Sob o Céu de Paris', 31, '2005', 'romance', 'Uma história de amor na cidade luz.', 1, 'Paris Editions', NULL, 31),
(32, 'O Labirinto', 32, '2018', 'suspense', 'Um jogo mortal em um labirinto sem saída.', 1, 'Thriller', NULL, 32),
(33, 'Filhos do Éden', 33, '2007', 'ficção científica', 'A humanidade colonizando um novo planeta.', 1, 'Ficção Científica', NULL, 33),
(34, 'A Sabedoria dos Antigos', 34, '1999', 'espiritualidade', 'Ensinamentos milenares para a vida moderna.', 1, 'Espiritual', NULL, 34),
(35, 'O Pintor da Alma', 35, '2014', 'arte', 'A vida e obra de um gênio incompreendido.', 1, 'Artes', NULL, 35),
(36, 'A Ilha do Medo', 36, '2009', 'terror', 'Pesadelos se tornando realidade em uma ilha isolada.', 1, 'Terror Books', NULL, 36),
(37, 'O Último Trem', 37, '2012', 'drama', 'Decisões de vida em uma viagem de trem.', 1, 'Dramática', NULL, 37),
(38, 'O Segredo das Runas', 38, '2006', 'aventura', 'Uma busca por artefatos místicos nórdicos.', 1, 'Aventura Mística', NULL, 38),
(39, 'A Hora da Estrela', 39, '1985', 'literatura', 'Clássico da literatura contemporânea.', 1, 'Clássicos', NULL, 39),
(40, 'O Círculo', 40, '2013', 'ficção científica', 'Uma sociedade controlada por um sistema perfeito.', 1, 'Futurista', NULL, 40);

INSERT INTO emprestimos (id, status, id_usuario, id_livro, data_emprestimo, data_devolucao_prevista, data_devolucao_real, multa, usuarios_id) VALUES
(1, 'finalizado', 1, 1, '2024-08-23', '2024-09-07', '2024-09-15', 8.29, 1),
(2, 'finalizado', 2, 2, '2025-02-07', '2025-02-22', '2025-02-22', 13.97, 2),
(3, 'finalizado', 3, 3, '2024-06-01', '2024-06-16', '2024-06-23', 8.96, 3),
(4, 'ativo', 4, 4, '2024-03-15', '2024-03-30', NULL, NULL, 4),
(5, 'ativo', 5, 5, '2024-03-20', '2024-04-04', NULL, NULL, 5),
(6, 'finalizado', 6, 6, '2023-11-10', '2023-11-25', '2023-11-28', 3.50, 6),
(7, 'finalizado', 7, 7, '2023-12-05', '2023-12-20', '2023-12-18', 0.00, 7),
(8, 'finalizado', 8, 8, '2024-01-12', '2024-01-27', '2024-02-02', 6.75, 8),
(9, 'finalizado', 9, 9, '2024-02-18', '2024-03-05', '2024-03-10', 5.25, 9),
(10, 'ativo', 10, 10, '2024-03-01', '2024-03-16', NULL, NULL, 10),
(11, 'finalizado', 11, 11, '2023-10-15', '2023-10-30', '2023-11-05', 7.80, 11),
(12, 'finalizado', 12, 12, '2023-09-22', '2023-10-07', '2023-10-07', 0.00, 12),
(13, 'finalizado', 13, 13, '2023-08-30', '2023-09-14', '2023-09-20', 6.40, 13),
(14, 'ativo', 14, 14, '2024-03-10', '2024-03-25', NULL, NULL, 14),
(15, 'finalizado', 15, 15, '2024-01-05', '2024-01-20', '2024-01-25', 5.90, 15),
(16, 'finalizado', 16, 16, '2023-07-18', '2023-08-02', '2023-08-10', 8.70, 16),
(17, 'finalizado', 17, 17, '2023-06-25', '2023-07-10', '2023-07-15', 5.60, 17),
(18, 'finalizado', 18, 18, '2023-05-12', '2023-05-27', '2023-05-27', 0.00, 18),
(19, 'finalizado', 19, 19, '2023-04-08', '2023-04-23', '2023-04-30', 7.35, 19),
(20, 'ativo', 20, 20, '2024-03-05', '2024-03-20', NULL, NULL, 20),
(21, 'finalizado', 21, 21, '2023-03-15', '2023-03-30', '2023-04-05', 6.80, 21),
(22, 'finalizado', 22, 22, '2023-02-10', '2023-02-25', '2023-02-28', 3.90, 22),
(23, 'finalizado', 23, 23, '2023-01-18', '2023-02-02', '2023-02-10', 8.40, 23),
(24, 'finalizado', 24, 24, '2022-12-05', '2022-12-20', '2022-12-22', 2.50, 24),
(25, 'finalizado', 25, 25, '2022-11-12', '2022-11-27', '2022-12-05', 8.90, 25),
(26, 'finalizado', 26, 26, '2022-10-20', '2022-11-04', '2022-11-10', 6.75, 26),
(27, 'finalizado', 27, 27, '2022-09-15', '2022-09-30', '2022-10-05', 5.80, 27),
(28, 'finalizado', 28, 28, '2022-08-22', '2022-09-06', '2022-09-12', 6.60, 28),
(29, 'finalizado', 29, 29, '2022-07-30', '2022-08-14', '2022-08-20', 6.90, 29),
(30, 'finalizado', 30, 30, '2022-06-18', '2022-07-03', '2022-07-10', 7.80, 30),
(31, 'finalizado', 31, 31, '2022-05-10', '2022-05-25', '2022-06-01', 7.70, 31),
(32, 'finalizado', 32, 32, '2022-04-15', '2022-04-30', '2022-05-05', 5.90, 32),
(33, 'finalizado', 33, 33, '2022-03-22', '2022-04-06', '2022-04-12', 6.80, 33),
(34, 'finalizado', 34, 34, '2022-02-28', '2022-03-15', '2022-03-20', 5.70, 34),
(35, 'finalizado', 35, 35, '2022-01-10', '2022-01-25', '2022-02-01', 7.90, 35),
(36, 'finalizado', 36, 36, '2021-12-15', '2022-01-01', '2022-01-08', 7.80, 36),
(37, 'finalizado', 37, 37, '2021-11-20', '2021-12-05', '2021-12-12', 7.70, 37),
(38, 'finalizado', 38, 38, '2021-10-25', '2021-11-09', '2021-11-15', 6.90, 38),
(39, 'finalizado', 39, 39, '2021-09-30', '2021-10-15', '2021-10-20', 5.80, 39),
(40, 'finalizado', 40, 40, '2021-08-15', '2021-08-30', '2021-09-05', 6.70, 40);

INSERT INTO reservas (id, id_usuario, id_livro, data_reserva, status_reserva, prioridade, emprestimos_id) VALUES
(1, 1, 1, '2025-04-21', 'concluida', 4, 1),
(2, 2, 2, '2025-04-07', 'concluida', 4, 2),
(3, 3, 3, '2025-02-01', 'ativa', 1, 3),
(4, 4, 4, '2024-03-01', 'concluida', 2, 4),
(5, 5, 5, '2024-03-05', 'concluida', 3, 5),
(6, 6, 6, '2023-11-01', 'concluida', 1, 6),
(7, 7, 7, '2023-11-30', 'concluida', 2, 7),
(8, 8, 8, '2024-01-05', 'concluida', 3, 8),
(9, 9, 9, '2024-02-10', 'concluida', 1, 9),
(10, 10, 10, '2024-02-25', 'ativa', 2, 10),
(11, 11, 11, '2023-10-10', 'concluida', 3, 11),
(12, 12, 12, '2023-09-15', 'concluida', 1, 12),
(13, 13, 13, '2023-08-25', 'concluida', 2, 13),
(14, 14, 14, '2024-03-05', 'ativa', 3, 14),
(15, 15, 15, '2023-12-30', 'concluida', 1, 15),
(16, 16, 16, '2023-07-10', 'concluida', 2, 16),
(17, 17, 17, '2023-06-20', 'concluida', 3, 17),
(18, 18, 18, '2023-05-05', 'concluida', 1, 18),
(19, 19, 19, '2023-04-15', 'concluida', 2, 19),
(20, 20, 20, '2023-03-25', 'concluida', 3, 20),
(21, 21, 21, '2024-04-01', 'ativa', 1, NULL),
(22, 22, 22, '2024-03-15', 'ativa', 2, NULL),
(23, 23, 23, '2024-02-28', 'concluida', 3, 21),
(24, 24, 24, '2024-01-10', 'concluida', 1, 22),
(25, 25, 25, '2023-12-20', 'concluida', 2, 23),
(26, 26, 26, '2023-11-05', 'concluida', 3, 24),
(27, 27, 27, '2023-10-15', 'concluida', 1, 25),
(28, 28, 28, '2023-09-25', 'concluida', 2, 26),
(29, 29, 29, '2024-04-10', 'ativa', 3, NULL),
(30, 30, 30, '2024-03-20', 'ativa', 1, NULL),
(31, 31, 31, '2024-02-05', 'concluida', 2, 27),
(32, 32, 32, '2024-01-15', 'concluida', 3, 28),
(33, 33, 33, '2023-12-01', 'concluida', 1, 29),
(34, 34, 34, '2023-11-10', 'concluida', 2, 30),
(35, 35, 35, '2023-10-20', 'concluida', 3, 31),
(36, 36, 36, '2023-09-05', 'concluida', 1, 32),
(37, 37, 37, '2023-08-15', 'concluida', 2, 33),
(38, 38, 38, '2024-04-05', 'ativa', 3, NULL),
(39, 39, 39, '2024-03-10', 'ativa', 1, NULL),
(40, 40, 40, '2024-02-15', 'concluida', 2, 34);


